alias hank Henry Horkoff <hank.horkoff@steamoji.com>
alias owen Owen Hann <owen.hann@steamoji.com>
alias matt Matt Richards <matt.richards@steamoji.com>
alias mikhail Mikhail Baiman <mikhail.baiman@steamoji.com>
alias alex Alex Chunn <alex.chunn@steamoji.com>
alias jesse Jesse Brydle <jesse.brydle@steamoji.com>
alias v Vanessa Gray <vanessa@damus.io>
alias steam William Casarin <will.casarin@steamoji.com>
alias rusty Rusty Russell <rusty@rustcorp.com.au>
alias elsat Elsat <sembene_truestar@simplelogin.com>
alias terry Terry Yiu <terryyiu@gmail.com>
alias montz Bryan Montz <bryanmontz@me.com>
alias ben Ben Weeks <Ben.Weeks@KnowAll.ai>
alias nostr-w3c public-nostr@w3.org
alias nostr-google nostr-protocol@googlegroups.com
alias cr0bar <cr0bar@cr0.bar>
alias suhail Suhail Saqan <suhail.saqan@gmail.com>
alias daniel Daniel D'Aquino <daniel@daquino.me>

alias managers Kitsilano <kitsilano@steamoji.com>, Kerrisdale <kerrisdale@steamoji.com>, West Vancouver <westvancouver@steamoji.com>

alias damus Bryan Montz <bryanmontz@me.com>, Terry Yiu <terryyiu@gmail.com>, Joel Klabo <joelklabo@gmail.com>, Ben Weeks <Ben.Weeks@KnowAll.ai>, ericholguin <eric.holguinsanchez@gmail.com>, Swift <scoder1747@gmail.com>
